venueType	venueTypeLabel	venueTypeDescription	curation
Q17000321	Stadthalle	type of multi-purpose event venue, usually municipally owned	yes
Q253275	lecture hall	large room for spoken teaching with a space for a teacher and a listener space	yes
Q1378975	convention center	building designed to hold a convention	yes
Q1329623	cultural center	facility where culture and arts are promoted (wide definition)	yes
Q230752	auditorium	room with a space for presenter(s) and an audience space, often used for speeches, lectures, or performances	yes
Q2099281	plenary hall	room for people to discuss and debate	yes
Q21042882	Q21042882		
Q10498305	Indoor football arena	indoor arena used for association football	
Q10403143	Q10403143	Places where opium is smoked	
Q85769249	independent movie theater	Movie theater which screens non-mainstream films	
Q478679	café-chantant	type of musical establishment associated with the belle époque in France	
Q337912	pilgrims' way	a standard route that pilgrims take	
Q2306073	Soziokulturelles Zentrum	Einrichtung soziokultureller Art	
Q2593288	cultural centre in the Netherlands		
Q2080521	market hall	covered space traditionally used as a marketplace	
Q68773139	music center	dedicated facility for performing or recording music	
Q153562	opera house	theatre building used for opera performances	
Q25553679	Q25553679		
Q32350958	bingo hall	building used for bingo; often former theatres or cinemas	
Q7304111	Red Envelope Club	Taiwanese cabaret style	
Q118353137	temperance hall	Community hall established for people to meet under temperance rules	
Q121132952	Q121132952		
Q26791288	Sokol house	building of the Sokol movement	
Q1402892	Transportable Raumerweiterungshalle		
Q7279719	racino	gambling venue that offers both racing and casino games	
Q100975433	arts residency		
Q55622767	memorial hall	hall built to commemorate an individual or group	
Q24354	theatre building	building designed for presentation of dramatic performances	
Q12058445	theatron		
Q1298903	show booth	wettersicherer Veranstaltungsort für Volkstheaters, Schausteller und Puppenspieler	
Q45091505	Q45091505		
Q50330340	former music venue	any venue that has closed of stopped hosting music events	
Q1225411	Tingeltangel		
Q1020542	entryway	hall that is generally located at the front entrance of a house	
Q96794744	Q96794744		
Q1702970	themed walk	pathway with information signs	
Q16627535	centre culturel de rencontre	projet culturel international autour  des monuments historiques	
Q2328898	Stahl-Lamellenhalle	historische selbsttragende Dachkonstruktion für Industriehallen von Junkers	
Q1324228	hypostyle	hall with a roof supported by columns	
Q56827005	self-managed social center	community self-managed spaces in which anti-authoritarians self-organise activities	
Q6043159	casino hotel	a venue that hosts both casino and hotel	
Q112135415	Q112135415		
Q116141987	workers' house	association and cultural house of the labor movement	
Q7673109	tablao	Flamenco music venue	
Q107299310	community centre (Flanders)	socio-cultural centre run by the municipality and recognised and partly subsidised by the Flemish government	
Q15809409	welfare hall		
Q15882255	sports hall	building designed for indoor sports	
Q65619961	singing stage	open-air venue, where choirs perform	
Q61941618	Q61941618		
Q10547643	concert hall	auditorium, large hall, space, in a concert house or theatre building used to hold music performances	
Q1674167	Islamisches Kulturzentrum		
Q50802251	State Opera	important opera building run by a public institution	
Q1774226	climbing garden	climbing facility on natural rock walls	
Q6430846	Koothambalam	meaning temple theatre, are a type of closed hall for staging Koothu, Nangiar koothu and Koodiyattam, the ancient ritualistic art forms of Kerala, India	
Q11459155	small theater		
Q19894492	Christian study center	American Christian facility located close to universities and colleges for religious study	
Q18674739	event venue	location suitable for hosting events, indoors or outdoors	
Q2945640	LGBT community center	regional community center that provides services for gender and sexual minorities	
Q758940	Aula Magna	größter und repräsentativster Hörsaal einer Hochschule	
Q1867518	skateboarding spot	location used for skateboarding	
Q30748192	Metropolitan trail	Hiking trails	
Q22117664	kaburenjō		
Q2143825	hiking trail	path for hiking in a natural environment	
Q10698787	Q10698787		
Q105672858	Alla hopp!-Anlage	von der Dietmar-Hopp-Stiftung finanzierte Freizeit- und Begegnungstätte	
Q1954948	musical theater building	type of venue; building that hosts musicals	
Q10590669	Q10590669		
Q2501058	Off-Off-Broadway	avant-garde theatrical productions in New York City	
Q10512434	Q10512434		
Q5177511	country house theatre	indoor or covered performance stage theatres built within or in the grounds of a country house	
Q2720855	Corral de comedias	Spanish open-air theatre from the 16th and 17th centuries	
Q130543439	exposition pavilion	building at an exposition such as a World's Fair	
Q87411364	karaoke club	nightclub	
Q11912890	Casal català	community center for Catalans	
Q11415970	kōhai	roof protruded over the steps leading to the entrance of a Buddhist temple or shintō shrine	
Q127688726	Q127688726		
Q125755020	Q125755020		
Q5739165	café cantante	place	
Q18119047	Q18119047		
Q4076252	balagan	temporary building for theater and circus performances	
Q112569706	amphipark		
Q415917	riding arena	fenced or otherwise enclosed but not covered area for riding horses	
Q6035115	inn-yard theatre	Nutzung englischer Gasthäuser als Theaterspielstätte	
Q1820529	zurkhaneh		
Q811312	peasants' theatre	theatre building	
Q97369404	Teatro de La Ranchería	teatro de Buenos Aires	
Q1830423	flat-floor theater	theater where the audience sits in the front row on the same level as the stage	
Q31886618	arena theatre	type of theatre building where the audience surrounds the stage	
Q3476576	Scène conventionnée		
Q1202618	sports field	outdoor sports facility	
Q7579839	sports complex	group of sports facilities	
Q2368508	surf spot	place for surfing	
Q1697586	Factory Halls	hall building for assembly work	
Q1876744	Q1876744		
Q200301	180-Grad-Kino	German term: a domed tent cinema	
Q125962796	boîte à chansons		
Q7747618	The Little Gym	child oriented fitness gym franchisor	
Q198922	Ziehweg	Skipiste, auf der sich die Wintersportler in der Regel mangels Gefälle langsam oder aus eigener Kraft fortbewegen müssen	
Q2422958	artificial ski slope	outdoor or indoor ski slope	
Q1282870	ice rink	frozen body of water and/or hardened chemicals where people can ice skate or play winter sports	
Q120052232	Q120052232		
Q120171898	Q120171898		
Q2528631	Vitaparcours	Outdoor sports course in Switzerland	
Q11338578	boxing club	sports venue	
Q56827195	Alpine skiing trail		
Q109321348	mountain bike trial track		
Q2165914	Links	oldest style of golf course	
Q420962	heritage railway	railway used for heritage/historical/tourism purposes	
Q66310866	museum village	open-air museum depicting a village	
Q1751308	Aschenplatz	Sports field with stony-granular surface	
Q1759852	sculpture garden	outdoor garden dedicated to the presentation of sculptures	
Q87933721	bassin de joutes	bassin utilisé pour pratiquer la joute nautique	
Q926439	street circuit	motorsport track composed of public roads of a city	
Q105360482	motocross circuit	racing track for motorbikes	
Q491675	dolphinarium	aquarium specifically meant to hold dolphins in captivity	
Q17563638	ethnic village	type of museum: Type of museum village in Serbia with tourist attractions	
Q2650083	museum farm	type of museum: farm, operated as a museum for demonstration and educational purposes	
Q131278649	tōriniwa	doma that runs through the machiya from the front to the back	
Q113715571	motocross track	circuit en général non bitumé, dédié à la pratique du moto-cross	
Q19601972	riding school	school teaching horse riding and jockey training	
Q1232319	kart circuit	race track designed for kart racing	
Q5404309	Ethnic theme park	amusement park themed on traditions and cultures of ethnic groups	
Q108397774	royal box	theater box used by royalty and their guests	
Q94196270	rallycross circuit	circuit automobile dédié au rallycross	
Q120085227	disc golf tee pad	area where disc golfers tee off	
Q11291949	Q11291949		
Q11640366	Q11640366		
Q4020213	Hemicycle to Juárez	monument in Mexico City, Mexico	
Q88075931	stage	part of a hiking trail, sometimes a subdivision of a section	
Q7979105	Wedding mandap	hindu wedding pavilion	
Q105755419	football pitch	pitch for playing association or rugby football; also used for athletics throwing event at specialized stadiums	
Q30750411	salle de musculation/cardiotraining	type d'équipement sportif	
Q26868902	beach volleyball court	surface for the practise of the sport	
Q2617766	speed skating rink	ice rink designed for speed skating	
Q648116	via ferrata	protected climbing route found in the Alps and certain other locations	
Q809889	baseball field	field on which baseball is played (for the whole stadium, see baseball park)	
Q24906026	writer's home	home preserved as a literary landmark	
Q123138688	Freemasons' Hall, Molesworth Street		
Q133215	casino	facility which houses and accommodates certain types of gambling activities	
Q121085051	motorboat race track	type d'équipement sportif	
Q121085037	structure artificielle d'escalade	type d'équipement sportif	
Q6763849	wrestling ring	space in which a professional wrestling match occurs	
Q121084968	aire de décollage	type d'équipement sportif	
Q63497627	national pavilions at the Venice Biennale	national representation at the Venice Biennale	
Q114074221	Billiards Academy	Place where cue sport is teached and tournament place	
Q1638962	chitalishte	typical Bulgarian public institution and building that fulfills several functions at once, such as a community centre, library, and a theatre	
Q15903924	District Elderly Community Centre		
Q18206517	Idea Store	system of libraries and learning centres in Tower Hamlets, London	
Q115092448	spiegeltent	festival tent	
Q121084964	aire mixte (décollage et atterrissage)	type d'équipement sportif	
Q109650317	Hindernisfreie Wege	Für Rollstuhlfahrer geeignete markierte Wege in der Schweiz.	
Q1180029	sambadrome	exhibition place for the Samba schools parades	
Q10424031	Q10424031		
Q42679632	theatre hall	hall used for theatre	
Q10579455	Q10579455		
Q96083918	former movie theater	building or architectural structure no longer used as a movie theater, currently existing or not	
Q113383503	agricultural showground	venue designed to host agricultural shows	
Q17174312	Maisons de quartier	espace d'accueil et de loisirs implanté dans les périmètres des quartiers de grandes villes	
Q111235985	theatre church	theater in a former church building	
Q54959118	civil guard house		
Q3155645	hall of mirrors	Room in castles with decorative arrangement of mirrors	
Q1475403	kunsthalle	facility that mounts temporary art exhibitions	
Q19688772	Wikimedia regional meeting place	Meeting place for people related to free knowledge	
Q85822056	meat hall	covered market spaces where meat is sold	
Q128778368	Giant Hill	size class of a ski jumping hill	
Q18326400	flying theater	type of movie theaters	
Q121084925	site de spéléologie sportive et/ou éducative	type d'équipement sportif	
Q121085159	sports gym	type d'équipement sportif	
Q832429	dohyō	space in which a sumo wrestling bout occurs	
Q1643682	ridgeway	type of road	
Q682943	cricket field	grassy ground on which the game of cricket is played	
Q3325635	Valencian trinquet	court used in the Valencian Community for two different modalities of Valencian pilota	
Q1477533	summer toboggan	type of ride	
Q118773714	terrain de polo-vélo		
Q118773655	relais rando-vélo		
Q118773527	espace trial dédié à une activité principale		
Q26205080	underwater diving site	place where diving activity takes place	
Q1755019	cable skiing venue	installation	
Q184590	runway	area of surface used by aircraft to takeoff from and land on	
Q21045019	Autofahrerrundwanderweg		
Q118773605	piste de descente		
Q28843555	production hall	hall wherein goods are industrially made, or processed	
Q3478758	GRP-Fernwanderweg	Weitwanderweg in Frankreich	
Q1621657	equestrian facility	Kind of facility	
Q44851035	salle des musiques actuelles	salle de concert (ou lieu de pratique musical) spécialisé dans les musiques actuelles	
Q805248	jeu de paume building	"building for the ""jeu de paume"" game in Baroque times, often also used for theatrical purposes or later rebuilt as a theatre"	
Q15238752	Narodny dim	community hall, used for cultural and social purposes by Ukrainians in Ukraine and in the Ukrainian diaspora	
Q60489733	Fjärilsträdgården, Skansen		
Q60489467	Växthuset, Skansen		
Q7362268	Roman amphitheatre	large, circular or oval open-air venues with raised seating	
Q60489266	Skogaholm´s Kitchen Garden	a traditional kitchen garden at the world’s oldest open-air museum in Stockholm	
Q20108753	Q20108753		
Q60554819	Bookbindery, Skansen	the museum contains tools for stapling, cutting, binding, gilding and other techniques.	
Q60489235	Herb Garden, Skansen	Herb Garden at Skansen that contains some one hundred herbs that have a long history in Sweden	
Q876542	Thingstätte	open-air theatre built in Nazi Germany	
Q4165610	Q4165610	cultural institution in the Soviet Union	
Q60228075	Fröstorp	building in Stockholm Municipality, Stockholm County, Sweden	
Q54831	amphitheatre	open-air venue used for entertainment and performances	
Q52815	adult movie theater	type of movie theater	
Q60850939	Hellenistic theatre	theatre building built in Hellenistic Greek time	
Q10692700	indoor tennis venue	indoor venue where tennis is played	
Q24933318	Gallo-Roman amphitheatre	type de construction typique des provinces gallo-romaines de la Rome antique, combinant les caractéristiques d'un théâtre et d'un amphithéâtre	
Q663867	Haute Route	Road in France and Switzerland	
Q6634155	national stadium	sport stadium, which typically serves as the primary or exclusive home for one or more of a country's national representative sports teams	
Q2528224	hemicycle	semicircular, or horseshoe-shaped, debating chamber	
Q35012916	lake stage	theatre stage on a lake or river	
Q88077236	winter trail	trail with itinerary and markings adapted to the winter season	
Q117752204	Regional Environmental Education Center		
Q2948561	fair ground	permanent exhibition for hosting fairs	
Q933851	obstacle course	series of challenging physical obstacles an individual or team must navigate for sport	
Q3958661	sphaeristerium	courtfield for tamburello and several handball sports	
Q15785472	Bannita		
Q654526	grindhouse	low-budget movie theater that shows mainly exploitation films	
Q104839872	Markthalle	Als La Halle (la al) werden in Frankreich die überdachten Wochenmärkte (französisch marché couvert) bezeichnet	
Q114142486	surf park	outdoor facilities for surfing, generally with an artificial wave	
Q116783080	connecting hiking path	type of Swedish path than connects to a hiking trail	
Q56062468	Großmarkthalle	establishment that offers goods for sale to commercial resellers and bulk buyers	
Q3364296	exhibition site	site with infrastructure for larger exhibitions	
Q6988054	neighborhood theater		
Q65218586	Q65218586	building in Budapest District XX, Hungary	
Q8194637	Kōminkan	Japanese community center	
Q77115	community center	public location where members of a community tend to gather for group activities, social support, public information, and other purposes	
Q1435490	people's house	community centre for the working class	
Q2945309	training ground	Area where football teams train	
Q106115017	retreat center	site for spiritual or other retreats	
Q3819630	Centros Andaluces	cultural associations dedicated to Andalusian nationalism	
Q117187730	open-air event venue	outdoor space equipped to host events	
Q1763828	multi-purpose hall	building usable for various events (sports, culture, etc.)	
Q37985280	American football stadium	sports venue for American football	
Q2405106	Q2405106		
Q60553427	Old Shop, Skansen	museum shop at the world’s oldest open-air museum in Stockholm	
Q115524266	yose	theatre building where yose (18th century Japanese theatrical form) is staged	
Q60501557	Röda längan, Skansen	building in Sweden	
Q1049757	multi-purpose sports venue	venue designed to be used for multiple types of sports events	
Q1640361	climbing area	small geographical region with a concentration of opportunities for climbing	
Q130485412	outdoor sports facility		
Q1777138	race track	facility built for racing of animals, vehicles, or athletes	
Q3504364	superclub	nightclub owned and managed by a dance music record label	
Q1698619	playhouse	theatre intended primarily to show plays	
Q11183017	open-air theatre	outdoor theatre in summer	
Q118773768	cycling venue	famille d'équipements sportifs dédiés aux sports cyclistes	
Q10669728	Windmühlen auf Skansen	three windmills in the open-air museum Skansen in Stockholm, Sweden	
Q60489687	King Oscar’s Terrace	terrace named after King Oscar II built for the Stockholm Exhibition of 1897	
Q477396	circus	large open-air venue used for chariot races and other events in the ancient Roman Empire, sometimes inclusive of open fields and large plazas	
Q108990268	Ball Hockey Pad	Concrete area on which to play ball hockey	
Q121084863	outdoor playground	famille d'équipements sportifs	
Q105957588	university sports venue		
Q15523640	Q15523640		
Q2289314	Singspielhalle	Aufführungsort für Varieteveranstaltungen	
Q21550483	community museum	building or space for a museum that is founded, run, or patronized by local communities	
Q11548891	Q11548891		
Q45734748	Green Stop Hike	type of Belgian hiking path	
Q109376893	long-distance nature trail (Japan)	network of 10 hiking trails in Japan	
Q130314575	fourth category bullring	In Spain it corresponds to non-fixed, removable portable bullrings	
Q60565152	Goldsmith’s workshop, Skansen	workshop at the outdoor museum Skansen	
Q130314383	third-class bullring	All permanent bullrings that are not second or first category	
Q909906	skatepark	place built for skating	
Q130314369	second-class bullring	Bullrings with a capacity of more than 5,000 spectators, with a proven bullfighting tradition and which hold a minimum of 5 general bullfighting shows per season, of which at least 4 must be bullfights.	
Q3503155	riding hall	building (often part of an equestrian facility) that is specially designed for indoor horse riding	
Q60488917	Sagaliden, Skansen	building in Stockholm Municipality, Stockholm County, Sweden	
Q100996875	wakeboarding resort	water surface developed for and with infrastructure for wakeboarding	
Q28152011	ring	stage used for bouts in many martial arts and professional wrestling	
Q57901249	aire de cerfs volants		
Q3701456	dance hall	type of music venue in Jamaica	
Q121084961	site d'activités aériennes	famille d'équipements sportifs	
Q121084996	site de modélisme	famille d'équipements sportifs	
Q129986018	tilt yard	enclosed courtyard for jousting or knight's games	
Q67202678	Nine-pin bowling alley	location where bowling is practiced	
Q12608280	Olle	characteristic entryway found in residences on Jeju Island, South Korea	
Q641226	arena	enclosed area designed to host sporting events, theater, and musical performances	
Q64654999	former theater	building or architectural structure no longer used as theatre, currently existing or not	
Q7932499	vineyard style	concert hall design that features sloping terraced seating sections around the stage	
Q2396648	Q2396648		
Q94498	kagura-den	building within a Shinto shrine designated to Kagura performance	
Q121422790	winter sports venue	sports venue intended for winter sports	
Q207694	art museum	building or space for the exhibition of art (for institution, use Q3196771)	
Q11156810	Ivo Caprinos Supervideograf		
Q24699794	museum building	building housing a museum	
Q5338445	Edisonia Hall	gereneric name for exhibition halls that displayed the inventions of Thomas Alva Edison's company	
Q31838271	Festsaal	Veranstaltungsstätte mit großem Raum	
Q5348452	Egyptian theatre	type of movie theater built in Egyptian revival architectural style	
Q2310313	theatre venue	place for theater performances	
Q2495455	cultuurcentrum	type of cultural center from Flanders	
Q2400020	function hall	multi-purpose hall type	
Q109718018	Landfilm	Filminstitution der DDR	
Q1060829	concert hall	building designed for music performances	
Q116240908	Barn theatre	type of theatre venue	
Q483110	stadium	place or venue for (mostly) outdoor sports, concerts, or other events	
Q1668736	piste	fencing playing area	
Q115442063	privat theatre	privately owned theatre building	
Q1408812	festival theatre		
Q59464648	Q59464648		
Q1143046	odeon	ancient concert hall for performances and competitions	
Q57659484	exhibition hall	building built or used exclusively or primarily for exhibitions; may be a permanent facility or a temporary structure	
Q2420653	tie	kind of German public square where events are held	
Q17049335	Bourse du Travail	French form of the labour council	
Q105671719	Modern amphiteatre	Semicircular modern open air-theatre with grades	
Q12773090	Q12773090		
Q1799602	ski tunnel	piste de ski nordique aménagée dans un tunnel	
Q2190251	arts center	functional community center with a specific remit to encourage arts	
Q247560	Le Zénith	type of multi-purpose halls and indoor arenas in France	
Q112688641	performance hall	room for live performances with an audience space and a stage	
Q5073536	Chapter house	local government meetinghouses of the Navajo Nation	
Q4951589	box house	Former type of theather and brothe;	
Q2974242	Rancy circus	cirque fixe construit par Théodore Rancy au XIXe siècle	
Q110895882	2001 Club	U.S. chain of franchised disco nightclubs	
Q84860894	puppet theatre	building that houses puppet plays	
Q11713167	Polish Institute	Polish cultural institutes abroad	
Q117307883	SESC unit	centro cultural do Serviço Social do Comércio	
Q15883375	meeting center	type of center	
Q116181640	maison pour tous	Nachbarschaftszentrum in Frankreich	
Q11863339	Dům dětí a mládeže	youth club/educational and cultural center in the Czech Republic	
Q102352467	Herman Prior Activity Centre	centrally located, accessible activity centre, in Portage la Prairie. Focused on those 55+ put open to all	
Q106625831	secular humanist center	meeting place for secular humanist organisations and people	
Q129989692	wai guo zai hua wen hua zhong xin	legal form in China	
Q11254348	Q11254348		
Q7366867	sportsbook	sports gambling establishment	
Q1193438	bullring	arena where bullfighting is performed	
Q60228321	Yellow house, Skansen	building in Stockholm Municipality, Stockholm County, Sweden	
Q2916102	community school	partnership between educational institutions and community centers	
Q112521928	centre for environmental education		
Q5061188	house of culture	cultural building; cultural institution especially in socialist or social democratic societies	
Q109496446	Q109496446		
Q4063553	alpine camp	training camp in the mountains	
Q105162097	Q105162097		
Q112938071	performance venues in Hong Kong	performing arts venue in Hong Kong	
Q18355750	food hall		
Q107338221	trampoline park	Sportstätte	
Q25378123	Double-decker theatre	A theater building with two theatre halls stacked on top of eachother	
Q30313989	leisure center	building or site containing different facilities for leisure activities	
Q15629175	Multi-Use Games Area	sports venue	
Q3280043	people's house	type of building	
Q127867760	Public bouldering gym	Public type of a bouldering gym	
Q11142797	Basque trinquete	court for various indoor versions of pelota with some of the features of a real tennis court	
Q27106471	bowling alley	facility for the sport of bowling	
Q107640409	Olympic venue	venue used to host competitions of the Olympic Games	
Q104417590	sports venue under construction	sports venue currently under construction and not finished yet; this item should be removed when construction works are completed	
Q33097655	amusement center	commercial establishment providing fun activities such as bowling, darts, karaoke, sports, spa, game arcade	
Q2118241	pump track	biking circuit	
Q3033826	Dojang	formal gathering place for students of Korean martial arts	
Q115600738	Multi-Service Center	A type of community center in Houston, Texas, USA	
Q109882149	climbing gym	sports venue for sport climbing on artificial climbing walls	
Q124017602	Association football training venue		
Q109744578	Cinema 81		
Q2112202	revival house	cinema that shows classic or notable older films	
Q2944984	municipal social welfare centre	in France a socio-cultural centre run by the municipality	
Q7200599	plen-an-gwary	type of amphitheatre found in Cornwall	
Q4808723	assembly room	public gathering space in which social events and balls were held	
Q123655171	circus	structure (building or tent) where circus spectacles are performed	
Q240854	hall	large room used for meetings, social affairs or events	
Q1103285	clubhouse	building of a club	
Q4457958	Standardized cinema designs	overview of Soviet standardized architectural designs	
Q18435345	Q18435345		
Q64139068	WAGGGS World Centre	Girl Guide Scouting Center operated by WAGGGS	
Q55137811	Finn hall	meeting place of Finnish Americans	
Q16363669	sports park	area with one or more sports facilities	
Q130313562	first class bullring	Bullrings with a capacity of more than 10,000 spectators, with a proven bullfighting tradition and which hold a minimum of 7 general bullfighting shows per season, of which at least 6 must be bullfights.	
Q5447073	field house	building for physical education and recreation activities	
Q4119268	youth system	sporting concept encompassing the development of young athletes	
Q28920301	skate track	flat track for inline skating	
Q111153348	street hockey court	surface used to play street hockey	
Q85161577	Q85161577		
Q26137724	Audiovisual magic box		
Q11279064	JR Ticket Office	ticket counter of a JR station	
Q18330530	maison des jeunes et de la culture	type of youth and culture centre in France	
Q105535509	curling venue	type d'équipement sportif	
Q27908105	House of literature	cultural institutions for written art	
Q116787033	discontinued hiking path	hiking path no longer maintained	
Q685910	Skansens bergbana	funicular at Djurgården in Stockholm, Sweden	
Q110203714	municipal arts centre	arts centre run by a municipality	
Q3285431	mandapa	pillared hall or pavilion for public rituals in Indian architecture, similar to chavadi/choultry	
Q1847261	streekpad	type of hiking path in the Netherlands	
Q121072018	piste d'athlétisme isolée		
Q121084920	site d’escalade en falaise	type d'équipement sportif	
Q11924662	grau	typ of path in steep places	
Q589481	Olympic stadium	name usually given to the stadium of the Summer Olympic Games	
Q45905964	Flowtrail	Streckentyp im Mountainbike-Sport	
Q11999371	sand track		
Q48817437	military officers' club	military base building intended for off-duty use by officers while excluding personnel of lower rank	
Q131451358	sumo venue	arena for sumo wrestling	
Q60559053	Upholsterer’s Workshop	workshop at the world’s oldest open-air museum in Stockholm	
Q19757	Roman theatre	theatre building built in ancient Roman times	
Q130372071	Wheelchair trails		
Q2087181	historic house museum	house that has been transformed into a museum	
Q113361173	private swimming pool	type de piscine	
Q756102	open-air museum	type of museum; museum that exhibits collections of buildings and artifacts out-of-doors	
Q96622175	beach club		
Q93092632	distinguished Swedish hiking path	type of Swedish (virtual) hiking path	
Q2176308	closed race track	race track in which the start and finish points are joint, and the raceway is used several times as a circuit	
Q59327748	Q59327748		
Q121071315	terrain de boules	type d'équipement sportif	
Q121071700	piste de course sur le plat	type d'équipement sportif	
Q124007813	Soun Stadium	Activities physical and sports place in ogbomosho	
Q1181413	palace of culture	large house of culture, major club-house (thus named especially in socialist societies)	
Q26945165	architectural museum	museum dedicated to architecture	
Q18696798	backstage	parts of theater not visible to audience	
Q16679321	game court	outdoor playing area with a man-made hard floor surface for playing sports like tennis, badminton and basketball	
Q60607006	Skansen city quarters		
Q1253314	Strombad		
Q65010092	slalom piste	a piste to practice slalom skiing	
Q126946189	netball court	court for playing netball	
Q8034980	working men's club	type of private social club first created in the nineteenth century in industrialised areas of the United Kingdom	
Q120169965	playground of great games	family of sports equipment	
Q3448526	faculty bar	cafe run by one or more student groups	
Q81670826	basketball venue	venue for basketball matches	
Q617256	apadana	large hypostyle hall, the best known examples being the great audience hall and portico at Persepolis and the palace of Susa	
Q3280353	Maisons de la culture		
Q104029549	Q104029549		
Q16253250	Festhalle		
Q2116321	rail trail	railroad bed converted to a recreational trail	
Q2806878	Wattweg	hiking trail through wadden	
Q3079491	fosse à plongée	type d'équipement sportif	
Q65243996	pit	Zuschauerbereich (Stehplätze) direkt vor einer englischen Bühne	
Q1893407	orchestra pit	the area in a theater, between the stage and audience, in which musicians perform	
Q8570536	self-managed social centers in Italy	self-organised autonomous projects in Italy	
Q102421356	national pavillon	building for a particular country or region at an exposition	
Q131370352	Scout centre	activity centre for Scouting	
Q56293213	Rockpool	gemauertes Schwimmbecken am Meer, typisch für Australien	
Q60628067	Noraboden	building in Stockholm Municipality, Stockholm County, Sweden	
Q22124550	Q22124550		
Q60606967	Henhouse, Skansen	building in Stockholm Municipality, Stockholm County, Sweden	
Q121085040	salle de blocs artificiels d'escalade	type d'équipement sportif	
Q4306036	museum-reserve	museum type	
Q92577950	Anexo:Rutas jacobeas medievales		
Q29167278	carpet court	type of tennis court	
Q11598565	keirin racing track		
Q1470095	front of house	portions of a performance venue open to the public	
Q7777493	theatre in the round	theatre space in which the audience surrounds the stage	
Q61856285	Slogboden, Skansen	building in Sweden	
Q121072338	parcours 9 trous	type d'équipement sportif	
Q25055053	neutral buoyancy pool	pool of water in which neutral buoyancy is used to train astronauts for extravehicular activity and the development of procedures	
Q1276155	runway	raised walkway or stage used by models to display clothing and accessories during a fashion show	
Q385348	proscenium	vertical plane at the front of a theatrical stage	
Q2385493	Cruyff Court	type of football court in the Netherlands	
Q174713	planet trail	walking route which has a scale model of the solar system	
Q25964553	ceramics museum	type of museum	
Q7627808	student center	building at a college or university for student activities	
Q786922	drive-in theater	form of open-air cinema structure whose screen can be viewed from an automobile	
Q2860319	Greek theatre	theatre building built in Ancient Greek times	
Q11900212	photography centre		
Q60489927	Q60489927		
Q60515505	Q60515505		
Q8343573	Centre Catalan de Caracas	centre culturel catalan	
Q1741788	Prädikatswanderweg	type of German hiking path	
Q88077219	summer trail	trail with itinerary and markings adapted to the summer season	
Q7689629	Taxi dance hall	Type of dance hall	
Q101244826	skittle alley	long narrow building in which skittles is played	
Q113990878	WikiSendero Andes	sendero para tomar fotografías y documentar la región andina venezolana	
Q1281105	piste	path down a mountain used for snow skiing, snowboarding, or other mountain sports	
Q15700667	professional wrestling school	training school for professional wrestling	
Q3982342	teatro verzura		
Q60580726	Comb-maker’s Workshop	shop at Skansen containing the tools and fittings of Sweden’s last master comb-maker who died in 1942.	
Q47075851	marked hiking route		
Q113630493	Q113630493		
Q11665453	Fudoki no oka		
Q1349487	Erdstadion	Stadiontyp ohne Hoch- oder Ingenieurarbeiten	
Q60611780	Skansen's tobacco plants		
Q203609	dōjō	Japanese term for formal training hall of any martial arts	
Q97071243	piscina	public swimming pool in Ancient Rome, sometimes part of Roman baths	
Q692630	outdoor gym	fitness place outside – gym equipment in a public outdoor location	
Q92332734	school swimming pool	subconcept of School facilities (scot/10140)	
Q6450215	ridotto	the foyer of a theatre; in some cases, the name is used in Italy to indicate a minor room of a theater (next to the major room)	
Q118559325	bassin mixte de natation	type d'équipement sportif	
Q118559330	bassin sportif de natation	type d'équipement sportif	
Q827349	wave pool	a swimming pool which features artificially generated waves	
Q118559331	bassin ludique de natation	type d'équipement sportif	
Q118559337	bassin de réception de toboggan	type d'équipement sportif	
Q60820616	Lambgifte, Skansen	building in Stockholm Municipality, Stockholm County, Sweden	
Q1029573	ways of St. James in Catalonia	pilgrinage route in catalonia	
Q1054809	Cercle (Theater)		
Q116783401	sea water pool		
Q55176272	theosophical lodge		
Q123145293	Quinta de Raffo	Palace in Montevideo	
Q3641490	proscenium	plan vertical formant l'ouverture entre la salle de spectacle et la scène	
Q118559335	fosse à plongeon	type d'équipement sportif	
Q11767144	Q11767144	conventional stage structure	
Q11999486	Q11999486		
Q53576394	indoor skatepark		
Q121072309	parcours d'initiation	type d'équipement sportif	
Q121071740	parcours de cross	type d'équipement sportif	
Q46910493	Rundtheater	Konzept im Theaterbau	
Q2404544	Terence-Stage	theatre setting shown in Renaissance editions of the plays of Terence	
Q114897981	Piscine Plein Ciel	type de piscine publique française	
Q3329412	archaeological museum	museum specializing in archaeological artefacts	
Q114646415	petanque pitch	stade, couvert ou non, de pétanque	
Q7247842	production set	location modified to allow easy production of motion pictures	
Q3868199	museum of sacred art	museum dedicated to religious art	
Q114898003	Piscine Plein Soleil	type de piscine publique française	
Q722354	cinder track	generally a refined dirt running track for track and field competitions	
Q52987295	manor museum		
Q113640710	Stone Cottage, Skansen		
Q11822917	horse racing venue	venue used in horse racing	
Q15809682	Glacial erratic gardens and parks	Freiland-Sammlung von Geschiebeblöcken (großen Steinen)	
Q7709179	Thai playhouse	theater building used for drama in Thailand throughout history and in modern times	
Q9337720	Q9337720		
Q2169258	Round pen	round enclosure used for horse training	
Q11293354	Q11293354		
Q60606887	Q60606887	building in Stockholm Municipality, Stockholm County, Sweden	
Q130483146	Long fronton	tipo de frontón utilizado en la especialidad de cesta punta	
Q60607693	Q60607693	building in Stockholm Municipality, Stockholm County, Sweden	
Q65091711	costume shop	a place where costumes are designed, built, and stored	
Q3634806	proscenium theater box	theater box located immediately to the side of a stage in front of the proscenium	
Q1662417	infinity pool	pool designed like it has no edges	
Q1376606	natural pool	künstliches Stillgewässer häufig als Folienteich	
Q60626570	Orsa Hill	one of the central parts of Skansen fere you can find the maypole, the Dala horses	
Q336514	sylvan theater	outdoor theatre in a sylvan or otherwise green surrounding	
Q19709007	Finnish track	soft natural running track originating from Finland	
Q201946	black box theater	simple, somewhat unadorned performance space	
Q116750070	Krogsfallsgården	museum building	
Q60864500	Flower garden		
Q1065656	health club	place which houses exercise equipment for the purpose of physical exercise	
Q625797	domed stadium		
Q2326597	Kommunale Badeanstalt	Schwimmbad, das sich in der Regel im Besitz der jeweiligen Gemeinde oder Stadt befindet	
Q20799426	Q20799426		
Q29696040	Q29696040		
Q16620760	multi-sports venue	room for practicing many different sports	
Q99189268	climbing wall	German climbing play area	
Q2022036	golf club	club organized to play golf	
Q27951514	indoor arena	arena covered by roof and walls	
Q7836169	Traverse stage	style of theatre seating or performance	
Q13586493	outdoor swimming pool	swimming pool located outdoors	
Q1544656	green room	space in a theatre or similar venue that functions as a waiting room and lounge for performers	
Q4801491	Arts and Culture Centre	a system of arts centres in the province of Newfoundland and Labrador, Canada	
Q60636169	Q60636169	building in Stockholm Municipality, Stockholm County, Sweden	
Q121071714	terrain de horse-ball	type d'équipement sportif	
Q27106886	public swimming pool	swimming pool designated for public use and typically maintained by some government authority	
Q121071320	terrain de boules traditionnelles	type d'équipement sportif	
Q126004612	noh stage		
Q16534385	budōkan	dōjō used in budō	
Q26253134	Motjärnsgruvan, Skansen		
Q60791717	pannier market	Indoor market hall	
Q114136425	indoor surfing centre		
Q2945053	contemporary arts centre	centre focusing on contemporary art	
Q128829326	Q128829326		
Q60228228	Vaktstugan	building in Stockholm Municipality, Stockholm County, Sweden	
Q2775778	Soarin'	flight motion simulator attraction at Disney parks	
Q131415018	long-distance hiking trail	long trail used for walking or backpacking	
Q123999614	500-seat club building by Konstantin Bartoshevich	1947 reference design of a workers' club	
Q123999629	300-seat club building by Konstantin Bartoshevich	1947 reference design of a workers' club	
Q119841641	unmarked hiking path	hiking path that is not signed on the ground	
Q16641149	grain hall	type of historical building in France for storing wheat	
Q2309278	Sperrsitz	Bezeichnung für eine Sitzplatzkategorie im Theater, Kino oder in anderen Veranstaltungsräumen	
Q11562912	heated pool		
Q131425067	Isle 80	théâtre à Avignon, Vaucluse, France	
Q636819	archaeological open-air museum	non-profit permanent institution with outdoor true-to-scale architectural reconstructions	
Q1889121	Manege	Ort einer Zirkus-Vorführung	
Q1236282	Dolomites High Route	high altitude footpath, Dolomites	
Q1702340	Naturbad	Badeanlage unter freiem Himmel	
Q121071424	domaine de ski alpin	type d'équipement sportif	
Q117478766	mogul course		
Q117479054	aerial skiing slopes		
Q1919198	dry marina		
Q121085067	canoeing venue	type d'équipement sportif	
Q85893376	tapestry museum	art museum specializing in tapestries	
Q14213738	Di's Cracks	group of offshore dive sites off Karbonkelberg on the Cape Peninsula west coast	
Q8524	association football pitch	rectangular area where association football is played	
Q504400	gymnasium	ancient Greek training facility	
Q11948177	Sendero Local	type of hiking path in Spain	
Q130485312	outdoor fronton		
Q56063976	Jewish country club	history of Jewish country clubs	
Q2634857	green	golf course component	
Q1443808	oceanarium	marine mammal park	
Q108934671	Q108934671		
Q57901156	mini skate-park		
Q5136446	Club skifield		
Q14213911	Steenbras Deep Ridge	offshore dive site in eastern False Bay, Western Cape, South Africa	
Q121085383	terrain de soccer	type d'équipement sportif	
Q11425913	buried cultural property center	Wikimedia-Begriffsklärungsseite	
Q3497359	Station alpine		
Q3768550	plaster cast gallery	place in which are stored plaster casts of statues	
Q1251808	Lartigue Monorail	type of monorail, named after its inventor Charles Lartigue	
Q21085951	Q21085951		
Q118773689	cyclocross track		
Q17209357	Q17209357		
Q12045647	floating swimming pool	non-land-locked pool that sits on a river, ocean, or lake	
Q131747227	heated seawater pool		
Q126127596	seven-a-side football pitches in Hong Kong		
Q3363945	archaeological park	archeological site that has been preserved in a park setting and opened for public visitation.	
Q30005002	endless runway	Type of Runway	
Q121071387	équipement et piste de ski	famille d'équipements sportifs	
Q2554905	natural ice rink		
Q51601018	fisheries site	type d'équipement sportif	
Q7673475	Tabletop runway	Runway on hill with steep edges	
Q121085241	salle de trampoline	type d'équipement sportif	
Q2287948	Six Flags Hurricane Harbor	water park chain	
Q28453818	Laykold	tennis court surfacing	
Q105545089	cross-country skiing area	auf den Skilanglauf ausgerichtetes Wintersportgebiet	
Q131431666	soccer golf course	course on which soccer golf is played	
Q1231888	diocesan museum	type of museum	
Q15060435	marine mammal park	commercial theme park where marine mammals are kept	
Q109321319	BMX race track	track for BMX racing	
Q194428	stage	designated space for the performance of productions	
Q1509633	Natatio	Schwimmbecken in der römischen Antike	
Q60614448	Q60614448		
Q123615651	outdoor pull-up bar		
Q61046077	Q61046077		
Q3621807	proscenium arch	area around the proscenium, the vertical plane at the front of a theatrical stage	
Q649832	Orchestra		
Q1740829	Kicker (Sprungschanze)	bosse permettant de réaliser des sauts à ski.	
Q56148365	tiring house	portion of the backstage area of a theater used for dressing rooms, storage, and the like	
Q122459894	Q122459894		
Q128778199	Q128778199		
Q128778304	Q128778304		
Q121072382	swingolf	type d'équipement sportif	
Q5308013	driver development program	System designed for young racing drivers to perfect their racing skills	
Q120169931	terrain mixte		
Q1454583	masonic temple	room or structure where a Masonic Lodge meets	
Q116787534	Math walk	An educational walk where experiences and objects are translated into mathematics	
Q128778509	flying hill	size class of a ski jumping hill	
Q121085167	salle de handball	type d'équipement sportif	
Q18225059	Italian theater	performance hall designed according to the Italian architectural style	
Q6736226	mainstage	the largest or most prestigious space of a theatre building	
Q125815177	Museo de Arte de Baja California Sur (MUABCS)	museo dedicado a la difusión del arte y la cultura	
Q106581364	polo field	playing field for polo team sport	
Q128778091	Q128778091		
Q3498109	ice hockey arena	sport venue in which an ice hockey competition is held	
Q105491048	synthetic ice rink		
Q1352795	cinematheque	organization that preserves and presents film	
Q24091478	butokuden	dojo au Japon	
Q12019965	indoor ice rink	covered ice rink	
Q118735823	aire de sports de glace sportive	type d'équipement sportif	
Q118735878	aire de sports de glace ludique	type d'équipement sportif	
Q131161047	Panobianco	Brazilian fitness center chain	
Q2360834	smashcourt		
Q123328696	zones d’embarcations légères		
Q10492745	event arena	Swedish classification of a sporting venue designed to accommodate at least one other event type	
Q131538088	minka-en		
Q1367719	Eskaladierwand	Hindernisbahnen des Militärs, der Feuerwehr und der Polizei	
Q778020	dog track	racing circuit for dogs	
Q2683517	themapad	former type of hiking path in the Netherlands	
Q102128035	Incognitologe	German expression theater box used by a sovereign incognito.	
Q2351435	Q2351435		
Q11954718	Vies Verdes de Girona		
Q14213846	Pie Rock	group of offshore dive sites near Castle Rocks on the Cape Peninsula east coast	
Q891698	Bolzplatz	non-standard association football pitch	
Q121085299	terrain de paddle	type d'équipement sportif	
Q2814066	comedy club	a venue, typically a nightclub, bar, or restaurant where people watch or listen to performances, including stand-up comedians, improvisational comedians, impersonators, magicians, ventriloquists and other comedy acts	
Q1669845	Museumstramway Mariazell	railway line in Austria	
Q10418854	Q10418854		
Q11481836	Q11481836		
Q121085022	freestyle BMX venue	type d'équipement sportif	
Q11528570	Q11528570		
Q2073106	Olympic Park	sports campus for hosting the Olympic Games	
Q50079928	luge track	natural or artificial track used for luging	
Q68147615	Sunnanåshärbret, Delsbogården	building in Sweden	
Q121085205	salle de tennis de table	type d'équipement sportif	
Q121085199	salle de patinage sur roulette	type d'équipement sportif	
Q121085178	salle de lutte	type d'équipement sportif	
Q121085244	salle de volley-ball	type d'équipement sportif	
Q121085249	salle d'échecs	type d'équipement sportif	
Q121085256	salle d'escrime	type d'équipement sportif	
Q121085263	salle d'haltérophilie	type d'équipement sportif	
Q121085278	salle ou terrain de squash	type d'équipement sportif	
Q11487113	kyūdōjō		
Q121085203	salle de raquetball	type d'équipement sportif	
Q18692717	bobsleigh track	Fahrstrecke im Bobsport	
Q29557595	Orel house		
Q3801631	trap room	space below the stage floor in a theater	
Q60627249	Saddler’s Workshop	workshop equipped with leather-working tools from the end of the 19th century.	
Q17240246	Q17240246		
Q60627231	Engraver’s Workshop, Skansen	workshop at the museum Skansen, tools and equipment come from various engravers in Stockholm	
Q1431210	foyer	lobby, corridor, or waiting room, used in a theater, cinema, concert hall etc.	
Q3257871	dressing room	room in a theatre, for artists' change of clothing and preparations	
Q10857271	Q10857271		
Q2990531	complexe sportif évolutif couvert		
Q11346897	Q11346897		
Q11553841	Q11553841		
Q1326247	elephant house	type of building used to keep elephants	
Q595452	baseball venue	park used to play the game of baseball	
Q3064056	face		
Q60614621	Hotade Stockholmsväxter, Skansen		
Q85588551	Musikpaviljong vid Solliden	building in Sweden	
Q101224664	settlement house	urban institution that provides services to recent immigrants and the underprivileged	
Q113634158	Bakery, Skansen		
Q113135545	Bunge schoolmuseum		
Q1115316	prompt corner	Kommunikationsgerät im Theater	
Q2130331	footlight	part of stage lighting	
Q121085323	salle ou terrain de badminton	type d'équipement sportif	
Q121085343	terrain de quilles	type d'équipement sportif	
Q121085371	terrain de balle au tambourin	type d'équipement sportif	
Q121076117	cascade de glace	type d'équipement sportif	
Q121071372	piste de kart	motorsport racing track	
Q1486662	GR footpath	long-distance footpath	
Q2137251	rowing and canoeing venue	sports venue for rowing and canoeing events	
Q121085409	équipement équestre divers	type d'équipement sportif	
Q121085378	salle ou terrain de jorkyball	type d'équipement sportif	
Q121085380	terrain de ballon au poing/long paume	type d'équipement sportif	
Q124317935	Q124317935		
Q121085156	Tanzsaal	type d'équipement sportif	
Q3654642	Q3654642		
Q115349872	sentier de grande randonnée 96	itinéraire de randonnée en France	
Q128778264	Q128778264		
Q10512405	guest harbor	a harbor with moorings for temporary visiting recreational boats	
Q29380643	Abgusssammlung	art-historical or archeological collection, usually for education, where copies, usually of gypsum, of art works are collected and shown	
Q64722124	Ancient Greek stadium	pista de atletismo en la Antigua Grecia	
Q3330834	egyptological museum	tipo de museo especializado	
Q30752692	Stade de neige	type de station de sports d'hiver ne disposant pas de logement	
Q18694092	Q18694092		
Q41334004	large hill	ski jumping hill with K-point between 100 and 130 metres	
Q67894705	Way of St. James - Variant 'Heart of the Douro'	Way of Saint James in Pinhão, Douro Valley, Portugal	
Q7378324	rugby league playing field	pitch for playing rugby league	
Q121084884	canyon	type d'équipement sportif	
Q782667	road runway	section of existing road, highway, or motorway, that is specially built (or adapted) to allow take-off and landing of (primarily) military aircraft in times of emergency resulting from damage to nearby permanent airbase runway	
Q7042790	no-line court	tennis court with areas defined by colors instead of white lines	
Q55463907	nordic ski area	domaine skiable consacré au ski nordique	
Q182886	artificial whitewater	sports venue	
Q2728342	beach field		
Q677322	Turnierplatz	venue for horse jousting	
Q100148158	9-hole golf course	golf course having 9 holes	
Q123735305	Eastern Star lodge	Masonic lodge	
Q130485378	indoor fronton		
Q1778498	Kohlebahn Meuselwitz–Regis-Breitingen	railway line in Germany	
Q16311886	Q16311886		
Q12193401	Scout camp	campsite used for Scout events	
Q121085075	canoe polo pitch	type d'équipement sportif	
Q121085056	water skiing venue	type d'équipement sportif	
Q121085374	salle ou terrain de paintball	type d'équipement sportif	
Q17157259	field hockey pitch	playing surface in field hockey	
Q109017987	Centre d'art contemporain d'intérêt national	label artistique français	
Q3266345	alpine slide	long chute on the side of a hill	
Q11698842	Pequeño Recorrido	sendero homologado de corta distancia de España	
Q11573504	Q11573504		
Q10575168	Q10575168		
Q740437	picture gallery	public art gallery	maybe
Q57660343	performing arts building	building designed for live performances	maybe
Q1137210	country club	private club typically offering recreational sports and entertainment facilities	maybe
Q3469910	performing arts center	facility primarily intended for the performing arts and that may consist of several performance spaces along with other multi-purpose event spaces	maybe
Q111889841	university art museum	art gallery or museum at a university or college	maybe
Q110811156	festival hall	multi-purpose event venue, usually municipally owned	maybe
Q85833489	banquet hall	large room, hall, or apartment designed or used for festive or state functions	maybe
Q4155954	Palace of Sports	Wikimedia disambiguation page	misclasified
Q112619503	Killarney Mountain Lodge & Conference Centre	hotel in Killarney, Ontario, Canada	misclassified
Q653695	Displaced threshold	aviation term	misclassified
Q111079628	heritage farm	farm maintained in the same way as in olden days	misclassified
Q104864894	Wavelight	pace-setting technology used in running	misclassified
Q1774225	climbing rock	individual rock formation, rock face or rock group on which climbing is permitted	misclassified
Q26944319	Pabellón de España	Wikimedia disambiguation page	misclassified
Q1427951	climbing wall	artificially constructed structure with grips for sport climbing	misclassified
Q120754644	Gërmia swimming pool	swimming pool in Kosovo	misclassified
Q119421117	art museum curator	profession	misclassified
Q124077190	La Casa del Handball Argentino	sporting arena in Buenos Aires	misclassified
Q1207721	genkan	traditional entryway area in Japanese buildings	misclassified
Q66036711	Estadio Independiente MRCI	Estadio de futbol ubicado en San Jerónimo Tlacochahuaya, Tlacolula, Oaxaca, México	misclassified
Q3926588	Quadreria	art collection from 17th century	misclassified
Q102440024	Q102440024	Wikimedia list article	misclassified
Q12397254	Pavillón do Gatañal	building in Cangas, Spain	misclassified
Q88075768	section	part of a hiking trail	misclassified
Q113291672	CineScope	Mini theater in Bangladesh	misclassified
Q8341875	Casal Català de Montevideo		misclassified
Q475699	Way of St. James	itinerary	misclassified
Q11279146	Minato Oasis		misclassified
Q5667884	Círculo Catalán de Madrid	organization	misclassified
Q3217985	Larra-Belagua		misclassified
Q769713	café-théâtre	theatrical genre	misclassified
Q125801404	Hakata Promenade of History	open-air museum along Taihaku Dōri in Hakata-ku, Fukuoka City, Japan	misclassified
Q1901057	Market halls in Berlin	Wikimedia list article	misclassified
Q1974804	paranymph	ceremonial assistant or coach in a ceremony	misclassified
Q382350	monkey house	facility in the zoo for monkeys	no
Q2447721	trades hall	building where trade unions meet together, or work from cooperatively, as a local representative organisation	no
Q1773623	School gymnasium		no
Q7361066	roller rink	hard surface used for roller skating or inline skating	no
Q56611604	Toboggan run	path or track for tobogganing (sledding)	no
Q8719053	music venue	any location used for a concert or musical performance	no
Q23764314	sports location	site where a sport is practiced, whether dedicated to it or not	no
Q16889960	circus building	venue for circuses	no
Q131319895	Multi-purpose Trail	type of trail	no
Q3094839	cockfighting arena	arène dans laquelle sont organisés les combats de coqs	no
Q3034650	ski area	skiable area linking several distinct ski resorts	no
Q31244	big top	large tent for hosting shows such as circuses	no
Q55517457	cinema in Erfurt	overview about the situation of cinemas in Erfurt	no
Q121085144	salle de culturisme	type d'équipement sportif	no
Q13405588	long-distance trail	long trail used for walking, backpacking, cycling, horse riding or cross-country skiing	no
Q877435	box office	place where tickets are sold to the public for admission to an event	no
Q7257998	public swimming pool in Hong Kong	Hong Kong swimming venues	no
Q121085044	water sports venue	famille d'équipements sportifs	no
Q28057204	Sportfondsenbad	type of swimming pool funded by stockholders	no
Q3389223	piscine Tournesol	type of French public swimming pool	no
Q26944969	photography museum	museum of photography	no
Q2281788	public aquarium	facility with large tanks for water-dwelling species	no
Q381395	Patent theatre	lizensierte Theater in London	no
Q83196582	kernpodium	type of cultural institution, music venue, in the Netherlands	no
Q2974115	circular path	tourist route closing into a loop	no
Q7361053	roller disco	skating rink for dancing on roller skates	no
Q130528096	indoor sports facility		no
Q130240046	Portable bullring		no
Q3654644	roller hockey field		no
Q10425989	indoor bandy venue	indoor facility intended for playing bandy	no
Q3177122	driving range	type of golf course	no
Q47525089	sports pavilion	building providing facilities for users of sports grounds	no
Q2338524	motorsport racing track	race track for motor vehicles	no
Q108861021	folk art museum	type of museum	no
Q4008851	short course	a swimming pool that is 25 metres length	no
Q121084874	terrain de handball	type d'équipement sportif	no
Q121085015	cycling & skateboarding venue	famille d'équipements sportifs	no
Q1501	swimming pool	excavation or containment structure filled with water and used for swimming	no
Q121085421	plaine de jeux	type d'équipement sportif	no
Q121076060	salle de combat	famille d'équipements sportifs	no
Q121076041	pas de tir	famille d'équipements sportifs	no
Q121071747	équipement d'athlétisme	famille d'équipements sportifs	no
Q121071452	équipements d'activités de forme et de santé	famille d'équipements sportifs	no
Q121085599	club de plage	type d'équipement sportif	no
Q121085588	but/panier isolé de sport collectif	type d'équipement sportif	no
Q121076051	plateau EPS / multisports / city-stade	type d'équipement sportif	no
Q701629	batting cage	enclosure for baseball batting practice	no
Q26707613	volleyball court	surface used to play volleyball	no
Q2064236	fronton	type of court	no
Q101155823	Quiosco de la música en la Plaza de Cervantes, Alcalá de Henares	structure designed to accommodate bands during concerts in Alcalá de Henares	no
Q118493267	roundtrip hiking trail	hiking trail that starts and ends in the same point	no
Q127420043	Parkour park	Parkour facility	no
Q1004435	athletics track	running tracks found in track and field stadia	no
Q116612464	Probaleku	Venue for Basque stone-dragging sports	no
Q1076486	sports venue	facility (building, structure, or place) dedicated to sports	no
Q17051413	Main Hall	main building in Japanese buddhist temples	no
Q121085116	salle ou terrain spécialisé collectifs (hors plateaux EPS/multisports)	famille d'équipements sportifs	no
Q121076070	divers équipements sports de nature	famille d'équipements sportifs	no
Q23764086	site where canyoning is practiced		no
Q3476585	Scène nationale	"theatre deisgnated as a ""National Stage"" in France"	no
Q5888141	Home	chain of nightclubs	no
Q121085064	rowing venue	type d'équipement sportif	no
Q121084931	site de char à voile	type d'équipement sportif	no
Q121084914	piste de pulka / traineau à chiens	type d'équipement sportif	no
Q121084906	parcours fixe de course d’orientation	type d'équipement sportif	no
Q121084901	parcours de chasse / en campagne	type d'équipement sportif	no
Q121084893	parcours acrobatique en hauteur/site d'accrobranche	type d'équipement sportif	no
Q121085138	salle de beach-volley	type d'équipement sportif	no
Q121084887	équipement pour saut à l’élastique	type d'équipement sportif	no
Q121084854	terrain de beach-volley	type d'équipement sportif	no
Q721207	marina	yacht harbor	no
Q2290113	boxing ring	space in which a boxing match occurs	no
Q125134099	Scherenbahn	26,75 m lange Kegelbahn	no
Q93954502	indoors ice oval	ice rink for speed skating located indoors	no
Q13731184	artificial ice rink		no
Q121085085	tank à ramer	type d'équipement sportif	no
Q121085079	point d'embarquement / débarquement isolé	type d'équipement sportif	no
Q121085070	stade mixte	type d'équipement sportif	no
Q121085048	baignade aménagée	type d'équipement sportif	no
Q121085046	site d'activités aquatiques et nautiques divers	type d'équipement sportif	no
Q121085010	site de modèle réduit (motonautisme)	type d'équipement sportif	no
Q121076066	salle de boxe	type d'équipement sportif	no
Q121085007	site d'aéromodélisme	type d'équipement sportif	no
Q121085000	site de modélisme automobile	type d'équipement sportif	no
Q121084989	site de glisse aérotractée	type d'équipement sportif	no
Q121084986	piste ULM	type d'équipement sportif	no
Q121084983	site d'aérostation	type d'équipement sportif	no
Q121084972	aire d'atterrissage	type d'équipement sportif	no
Q121076129	espace de pratique spéléologique	type d'équipement sportif	no
Q121085004	site de voile radio commandée	type d'équipement sportif	no
Q121076045	pas de tir à la cible	type d'équipement sportif	no
Q121076127	site de blocs d’escalade	type d'équipement sportif	no
Q121076042	pas de tir à l'arc	type d'équipement sportif	no
Q110207144	tanguería	type of nightclub dedicated to tango music typical in Argentina and Uruguay	no
Q121071975	aire de lancer	type d'équipement sportif	no
Q121071646	bassin d'exercices aquatiques	type d'équipement sportif	no
Q121071543	salle de cours collectifs	type d'équipement sportif	no
Q121071376	terrain de moto-ball	type d'équipement sportif	no
Q121071369	terrain de trial	type d'équipement sportif	no
Q121071361	courses sur piste	type d'équipement sportif	no
Q121071355	circuit de vitesse	type d'équipement sportif	no
Q121076111	boucle de randonnée	type d'équipement sportif	no
Q7145021	Patinodrome	arena for inline speed skating	no
Q121076047	pas de tir aux plateaux	type d'équipement sportif	no
Q2399482	techno club	specific type of a discotheque	no
Q13380226	tennis venue	outdoor stadium or indoor venue mainly used for tennis	no
Q27970155	tennis center		no
Q5166587	Convincing Ground	Australian name for a place where sports were contested, used in place names	no
Q126727687	cinema hall	hall used for film screenings	no
Q63493660	music club	club that plays music	no
Q200023	swimming center	building containing a swimming pool	no
Q3083079	live house	type of live music club in Japan	no
Q11342368	mini theater	type of independent movie theater	no
Q1759559	heya	training stables in professional sumo	no
Q121085103	dispositif de franchissement	type d'équipement sportif	no
Q42051630	Windmill Offshore Reefs	offshore dive sites near Seaforth on the Cape Peninsula east coast	no
Q1153108	multiplex	movie theater complex with multiple screens	no
Q49101311	curling sheet	playing surface in curling	no
Q131547491	boxing venue	area in which the sport of boxing is played	no
Q55611636	figure skating rink	ice rink designed for figure skating	no
Q125822539	bouldering gym	sports venue for bouldering on artificial climbing walls	no
Q50418254	outdoor concert venue		no
Q123485131	nightclub in disused industrial building	nightclub in a large building with typically high ceilings, often former industrial or storage halls	no
Q41768265	shoreline dive site	dive site which is contiguous with the shoreline	no
Q957394	dry ski slope	ski slope that mimics the attributes of snow using materials that are stable at room temperature	no
Q41334405	normal hill	ski jumping hill with K-point between 75 and 99 metres	no
Q100997667	street-workout park	outdoor gym with street workout equipment	no
Q47522472	asphalt tennis court		no
Q121085100	zone de mouillage	type d'équipement sportif	no
Q1330871	hardcourt	type of tennis court	no
Q389191	afterhours club	Nightclub open past curfew closing time	no
Q121072128	trinquete	type of sports equipment, building containing a closed and covered quadrangular playing area, used for playing pelota	no
Q15411990	indoor water park	type of water park	no
Q47521078	disc golf course	place to play disc golf	no
Q1109069	ski jumping hill	venue used for ski jumping	no
Q849854	European long-distance path	list of long distance hiking paths	no
Q57549326	roller skating facility	surface for the practise of roller skating	no
Q2270715	Gran Recorrido footpath	long-distance footpath in Spain	no
Q3141488	terrain park	outdoor recreation area for snow sports	no
Q1566712	Ski route	unprepared ski run	no
Q121071997	aire de saut	type d'équipement sportif	no
Q74539696	defunct sports venue	former sports venue	no
Q117031999	wood court	type of tennis court	no
Q336078	sex club	establishment allowing sexual activity between members	no
Q10536908	ice rink	icy road tracked in various sports	no
Q14213718	Caravan Reef	group of offshore dive sites near Miller's Point on the Cape Peninsula east coast	no
Q14092	gymnasium	building designed and equipped for athletics and fitness	no
Q104833810	Black and Tan club	early 20th century club in the United States catering to the black and mixed-race population	no
Q94493071	campground amphitheater		no
Q1228895	discothèque	building, where dance events take place; nightclub playing disco music	no
Q1281401	temporary sports venue		no
Q830528	velodrome	track intended for track cycling	no
Q1454553	outdoor cinema	movies shown outdoors	no
Q198718	clay court	type of tennis court	no
Q5269258	Dharma centre	non-monastic Buddhist centre in a community	no
Q5445959	Fetish club	adult-only sex club	no
Q128654790	ski jumping complex	two or more ski jumping hills located in the same place	no
Q49459835	fraternal hall	community building operated by a fraternal or veterans organization primarily for the benefit of its members	no
Q4220910	mobile cinema	Kinobetrieb an wechselnden Orten	no
Q6926878	movie palace	Type of movie theater	no
Q112231820	Dali museums	museums with art  by Salvador Dali	no
Q2494389	Unikino		no
Q126195053	sculpture museum	museum of sculpture	no
Q57997672	mixed martial arts training facility		no
Q107724136	wedding venue	place to hold a wedding	no
Q11322155	training gym		no
Q11982370	artist's-home museum	type of museum, in the former home of an artist	no
Q42811873	military obstacle course	obstacle course in a military installation	no
Q740326	water park	amusement park that features pools with water play areas	no
Q2164271	Middellange-Afstand-Wandelpad	type of hiking path	no
Q37025296	athletics stadium		no
Q11341528	comics museum	museum with comics as the primary topic	no
Q90808178	furniture museum	building or space for the exhibition of furniture art	no
Q17000320	theatre museum	type of museum	no
Q24698650	bourloire	place for bourle	no
Q641553	thrust stage	open stage	no
Q1791479	Kulissenbühne		no
Q1622566	text box	compact stage for live spoken literature such as slam poetry, reminiscent of a glass speaker booth: the audience gathers around the text box and listens to the poets performing through headphones	no
Q1994728	subtropical swimming paradise		no
Q7094057	online art gallery		no
Q6889733	Modular stadium		no
Q41768046	inshore dive site	dive site that can reasonably be accessed from a shore entry but is not immediately adjacent to the shore	no
Q357121	dragstrip	Car racing facility	no
Q17149955	showboat	floating theater	no
Q125946429	Underage club	type of entertainment venue or nightclub	no
Q105755471	stadium with football pitch	stadium that has a pitch that can be used to play association or rugby football	no
Q108860927	contemporary art museum	type of museum	no
Q55634866	teen center	community center serving adolescents in a community	no
Q622425	nightclub	entertainment venue which usually operates late into the night	no
Q7979077	wedding chapel	chapel to hold a wedding	no
Q51167626	LGBT nightclub	dance club or disco targeting a gay, LGBTQI and gay/LGBTQI-friendly audience	no
Q3120628	guinguette	French drinking establishment	no
Q6586445	strip club	venues that regularly provide adult entertainment, predominantly in the form of striptease or other erotic or exotic dances	no
Q2990473	cinema complex	type de lieu culturel regroupant plusieurs salles de cinéma	no
Q14213821	Miller’s Point	group of shoreline dive sites at Miller's Point on the Cape Peninsula east coast	no
Q423504	news cinema	cinema specialising in short films, shown in a continuous manner, mostly used for news, often in train stations	no
Q626687	boules pitch	venue for playing boules	no
Q131183	cabaret	venue for a mixed variety show of music & theatrical revue	no
Q1058828	Off-Broadway	any professional venue in NYC with a seating capacity between 100 and 499	no
Q877979	young spectator's theatre	type of theatre originated in the Soviet Union and post-soviet contries	no
Q121082449	former indoor ice rink	indoor ice rink which has fallen into disuse or been converted to an alternative use	no
Q131644805	Blues club	type of club, music venue, dedicated to Blues music	no
Q27961526	Darbar Sahib Hall	main hall within a Sikh gurdwara	no
Q31157863	skiing stadium		no
Q124010365	National Hall (Narodni dom)	Cultural Centers of the slavic language community in Austria-Hungary	no
Q1751323	indoor ski slope	climate controlled environment in which snow is manufactured using a snow cannon	no
Q14213836	Partridge Point	group of inshore dive sites at Partridge Point on the Cape Peninsula east coast	no
Q6664710	Locals casino	casino designed to attract local residents	no
Q33058267	Düğün Salonu	Turkish wedding hall	no
Q667018	wax museum	museum displaying a collection of wax representations of famous people	no
Q11378967	Ise Sangū Kaidō		no
Q45289444	rugby union field	playing surface for a rugby union match	no
Q93954013	outdoors speed skating ice rink without shelter	type of ice rink	no
Q93954332	outdoors sheltered ice rink	type of ice rink	no
Q25183395	textile museum	museum specializing in textile arts	no
Q42034610	IMAX theatre	movie theatre using the IMAX film format	no
Q114898020	Piscine Iris	type de piscine publique française	no
Q7338100	Riverboat casino	casino on a riverboat	no
Q6806841	Medieval Times	family dinner theater	no
Q1273907	adult video arcade	group of pornographic movie viewing booths	no
Q57659763	animal exhibition building	exhibition building used specifically for exhibiting animals	no
Q50080181	artificial luge track	track for luge competitions, with or without artificial refrigration	no
Q92331870	school gymnasium	subconcept of School facilities (scot/10140)	no
Q1154710	association football venue	sports venue purposed mainly for association football (or soccer)	no
Q805353	ballroom	large room for formal dancing	no
Q2315928	ice hockey rink	rink for the purpose of playing ice hockey	no
Q10855239	kyōteijō	boat racing facility in Japan	no
Q27650858	flat racing venue	type of horse racing venue	no
Q107524840	single-artist museum		no
Q11606865	picture book museum	type of museum; institution that collects and exhibits picture books	no
Q108860593	museum of modern art	type of museum	no
Q1048525	golf course	grounds on which the sport of golf is played	no
Q1747681	artist museum	museum, which is dedicated to a particular artist or their oeuvre	no
Q131340963	Triple gymnasium	larger room, which is made up of three single gyms	no
Q17131062	platform	part of a theatre	no
Q94387222	naumachia	bulding	no
Q45290083	rugby league venue	stade utilisé pour les matchs de rugby à XIII	no
Q12983197	athlectic stadium		no
Q664334	Sea Life Aquarium	Sea Life is a chain of commercial sea life-themed aquarium attractions	no
Q798966	bathing ship	river floating public swimming pool	no
Q1188885	nickelodeon	early movie theater	no
Q16181479	senior center	community center for senior citizens	no
Q41253	movie theater	venue, usually a building, for viewing films	no
Q4101440	pump room	building where mineral water is expended to spa guests	no
Q130003	ski resort	mountainside developed for skiing, snowboarding, and other winter sports	no
Q2292158	Skicircus	Wintersportgebiet	no
Q50080345	natural luge track	track for luge competitions	no
Q2141554	recreational dive site	place that recreational scuba divers go to enjoy the underwater environment	no
Q3389209	piscine Caneton	type de piscine publique française	no
Q1041354	hanamichi	Plataforma adicional al escenario utilizada en el teatro kabuki	no
Q28174251	Greyhound racing stadium		no
Q61891263	museum of Asian art	type de musée d'art	no
Q124302244	ancient stadium	équipement sportif de l'Antiquité	no
Q1188223	dance hall	hall for dancing	no
Q3126170	bandstand	structure designed to accommodate bands during concerts	no
Q770881	online casino	casino operated on an internet platform	no
Q15206070	popular music venue	venue for music performances, generally smaller than a theater or concert hall	no
Q9384860	discount theater	cinema that shows films for reduced prices	no
Q107194540	puppet theater (stage box)	kind of stage	no
Q104127212	selfie museum	type of museum or installation in a museum	no
Q1306261	Stationsweg	Pilgerweg mit besonderen, durch am Weg aufgestellte Bildwerke oder Gebäude bezeichnete Andachtsstationen	no
Q126946374	seven-a-side football pitch	pitch for seven-a-side football	no
Q957433	glyptotheque	collection of sculptures	no
Q126946265	five-a-side football pitch	pitch for playing five-a-side football	no
Q100148147	18-hole golf course	golf course having 18 holes	no
Q1552993	perspective stage	Bühnenform	no
Q2293148	sculpture trail	type of trail	no
Q102384661	ball game field	sports field where ball games are played	no
Q2121769	Quacke	German term for smaller climbing rocks	no
Q1415133	film museum	museum specialising in film and cinema history	no
Q80096168	circus museum	museum about the circus arts	no
Q15303456	rugby union venue	venue for rugby union matches	no
Q357380	indoor swimming pool	swimming pool enclosed by a building or other structure and covered by a roof	no
Q1434352	river swimming bath	swimming pool, the water surface of which is located in a flowing body of water	no
Q25476410	mosaics museum	tipo de museo	no
Q1684522	jazz club	type of club, music venue, dedicated to jazz music	no
Q2084454	Olympic-size swimming pool	olympic swimming pool	no
Q741118	tennis court	venue where the sport of tennis is played	no
Q21200006	cycling track	surface for the practise of cycling	no
Q24887670	horse field		no
Q121072334	parcours 18 trous	type d'équipement sportif	no
Q26945172	dance museum	museum specialising in the history of dance	no
Q14213925	Tafelberg Reef	group of offshore dive sites off Karbonkelberg on the Cape Peninsula west coast	no
Q14213719	Castle Rocks	group of shoreline and inshore recreational dive sites near Miller's Point on the Cape Peninsula east coast	no
Q41768182	inland dive site	dive site which is within the coastline of a landmass	no
Q3364880	parcours de concours de saut d'obstacles	type d'équipement sportif	no
Q53585538	harness racing venue	type of horse racing venue	no
Q184949	hippodrome	ancient Greek structure for horse and chariot racing	no
Q41768382	offshore dive site	dive site too far from the shore for reasonable shore access	no
Q1142866	frigidarium	cold room of a Roman bath, sometimes including a cold plunge pool	no
Q119351997	horological museum	museum dedicated to horology	no
Q4728370	all-seater stadium	stadium in which every spectator has a seat	no
Q13823810	medialuna	crescent-shaped corral used for rodeos	no
Q107537774	private art museum		no
Q114023739	photographic art gallery		no
Q577635	antelope house	building in a zoo	no
Q131560554	puppet museum	type of museum with a collection of puppets	no
Q7157937	Peanut gallery	term for inexpensive seating in a theater	part
Q127867660	bouldering wall	artificial wall for bouldering	part
Q253227	revolving stage	mechanically controlled platform within a theatre that can be rotated in order to speed up the changing of scenes	part
Q16573336	balcony	seating area in a theater	part
Q1868004	box	seating area in a theater	part
Q2083498	Pfeiferstuhl	erhöhter Platz, auf dem die Spielleute zum Tanz aufspielten	part
Q1491843	The gods	seating area in a theater	part
